nx,benchtime[us],speedup
256,1497.96,1.140277443990494
512,2779.02,1.1034393419262907
1024,5261.53,1.1255623364306582
2048,12365.4,1.1699661959985121
