nx,benchtime[us],speedup
1,2807.13,1.0283136156857715
8,2807.13,1.0283136156857715
64,4559.62,1.1526311403143246
