nx,benchtime[us],speedup
256,4120.59,1.325557747798252
512,29603.4,1.2093137950370563
1024,221459.0,1.4144875575162896
